{
  "pure_rl": {
    "avg_reward": 364.08699999999726,
    "avg_steps": 119.5,
    "avg_efficiency": 0.011324786324786324,
    "avg_dirt_remaining": 57.1
  },
  "fuzzy_only": {
    "avg_reward": 155.73449999999912,
    "avg_steps": 328.8,
    "avg_efficiency": 0.1706092219042183,
    "avg_dirt_remaining": 15.15
  },
  "hybrid_rl_fuzzy": {
    "avg_reward": 476.757499999997,
    "avg_steps": 251.65,
    "avg_efficiency": 0.1688235571989911,
    "avg_dirt_remaining": 33.1
  }
}