{
  "pure_rl": {
    "avg_reward": 490.9,
    "avg_steps": 129,
    "avg_efficiency": 0.028564234354675533,
    "avg_dirt_remaining": 56.1
  },
  "fuzzy_only": {
    "avg_reward": -88.5,
    "avg_steps": 225.15,
    "avg_efficiency": 0.06588237551845814,
    "avg_dirt_remaining": 44.9
  },
  "hybrid_rl_fuzzy": {
    "avg_reward": -25.75,
    "avg_steps": 123.25,
    "avg_efficiency": 0.14011382252241583,
    "avg_dirt_remaining": 46.9
  }
}