{
  "pure_rl": {
    "avg_reward": 247.65,
    "avg_steps": 86.55,
    "avg_efficiency": 0.01730769230769231,
    "avg_dirt_remaining": 56.95
  },
  "fuzzy_only": {
    "avg_reward": 354.4999999999996,
    "avg_steps": 189.4,
    "avg_efficiency": 0.21308264474543545,
    "avg_dirt_remaining": 19.25
  },
  "hybrid_rl_fuzzy": {
    "avg_reward": 225.23749999999998,
    "avg_steps": 77.8,
    "avg_efficiency": 0.29871904759305556,
    "avg_dirt_remaining": 36.5
  }
}